Ticker,MMBuy,MMSell,AI1-Average,AI1-AskAmt,AI1-AskPrice,AI1-AskAvail,AI1-BidAmt,AI1-BidPrice,AI1-BidAvail,CI1-Average,CI1-AskAmt,CI1-AskPrice,CI1-AskAvail,CI1-BidAmt,CI1-BidPrice,CI1-BidAvail,CI2-Average,CI2-AskAmt,CI2-AskPrice,CI2-AskAvail,CI2-BidAmt,CI2-BidPrice,CI2-BidAvail,NC1-Average,NC1-AskAmt,NC1-AskPrice,NC1-AskAvail,NC1-BidAmt,NC1-BidPrice,NC1-BidAvail,NC2-Average,NC2-AskAmt,NC2-AskPrice,NC2-AskAvail,NC2-BidAmt,NC2-BidPrice,NC2-BidAvail,IC1-Average,IC1-AskAmt,IC1-AskPrice,IC1-AskAvail,IC1-BidAmt,IC1-BidPrice,IC1-BidAvail
AAR,,,15999.1796875,,,0,5,12000,5,11000,,,0,20,4500.009765625,20,6839.64013671875,,,0,,,0,19000,8,19000,18,20,7500,50,6839.64013671875,,,0,,,0,18000,,,0,,,0
ABH,,,73437.5,2,75000,261,4,47000,48,55000,,,0,4,42000,55,24309.869140625,,,0,,,0,40000,32,50000,33,4,40000,4,24309.869140625,,,0,,,0,55000,,,0,,,0
ACS,,,250000,4,250000,4,,,0,75144.5390625,,,0,,,0,75144.5390625,,,0,,,0,300000,,,0,,,0,75144.5390625,,,0,,,0,75144.5390625,,,0,,,0
ADE,,,58868.578125,8,55000,235,4,40000,29,54607.140625,2,54900,4,4,38000,4,21448.439453125,,,0,,,0,40000,4,48000,106,4,40000,4,21448.439453125,,,0,,,0,66666,,,0,,,0
ADR,48000,,48001,4,50000,6,4,48001,104,50000,,,0,5,48001,105,29454.05078125,,,0,,,0,48000,,,0,100,48000,100,29454.05078125,,,0,,,0,50000,,,0,100,48000,100
ADS,,,106666.671875,,,0,,,0,127500,,,0,1,200000,1,55441.69921875,,,0,,,0,150000,,,0,,,0,55441.69921875,,,0,,,0,102500,,,0,,,0
AEF,,,3200,,,0,9,2100,349,2500,10,3480,19,30,2400,197,1800,,,0,,,0,3341.669921875,176,3400,904,2,2900,66,2124.820068359375,30,2600,30,,,0,3376.469970703125,152,3450,152,2,2700,42
AEN,,,978596.25,,,0,,,0,978596.25,,,0,,,0,978596.25,,,0,,,0,978596.25,,,0,,,0,978596.25,,,0,,,0,978596.25,,,0,,,0
AFP,,,134854.125,,,0,,,0,134854.125,,,0,,,0,134854.125,,,0,,,0,134854.125,,,0,,,0,134854.125,,,0,,,0,134854.125,,,0,,,0
AFR,,,7837.64013671875,,,0,,,0,5000,,,0,,,0,7837.64013671875,,,0,,,0,20000,11,20000,11,,,0,7837.64013671875,,,0,,,0,7837.64013671875,5,19594,5,,,0
AGS,,,221720.1875,,,0,1,250000,1,221720.1875,,,0,1,250000,1,221720.1875,,,0,,,0,280000,,,0,1,260000,2,221720.1875,,,0,,,0,221720.1875,,,0,,,0
AHP,,,5000,6,5000,6,,,0,5566.330078125,,,0,,,0,5566.330078125,,,0,,,0,5566.330078125,2,8000,108,,,0,5566.330078125,,,0,,,0,5566.330078125,,,0,,,0
AIR,185000,,91614.84375,,,0,100,185000,100,91614.84375,,,0,100,185000,100,91614.84375,,,0,,,0,185000.015625,,,0,12,185000.015625,112,91614.84375,,,0,,,0,185000,,,0,100,185000,100
AL,,,450,43,450,3634,20,422,3505,553.0999755859375,40,790,151,17,554,851,275,,,0,231,27.5,231,567,100,566,3802,100,520.010009765625,2400,400,75,400,208,,,0,526.989990234375,125,526,2001,56,492,543
ALE,,,1524.8900146484375,79,1545,759,20,1100,1810,1700,,,0,400,1700,585,750,,,0,,,0,1650,100,1650,452,10,1200,1172,1250,100,900,240,,,0,999.989990234375,184,999.989990234375,474,265,750.010009765625,1214
ALG,80,,120,,,0,71,120,775,120,,,0,10,120,1094,85,,,0,1000,90,1000,175,18,175,997,10,130,3169,133.72999572753906,,,0,,,0,101.05000305175781,8,180,310,988,101.05000305175781,2587
ALO,42,,58,636,85,3545,13,58,6409,118.38999938964844,91,119,4224,2,100.51000213623047,1483,50,,,0,,,0,125,238,199,10706,370,126.0199966430664,3434,70,,,0,,,0,100,5,100,4281,1000,91.5,2795
AMM,61,,150,248,260,862,44,150,1011,199,8,199,6509,2,111,11254,150,100,150,100,,,0,150,450,150,6478,194,145,3092,130,20,120,89,,,0,142.6300048828125,115,170,10661,110,142,1373
ANZ,,,70833.640625,,,0,,,0,70833.640625,,,0,,,0,70833.640625,,,0,,,0,70833.640625,,,0,,,0,70833.640625,,,0,,,0,70833.640625,,,0,,,0
APT,,,8370.4501953125,,,0,,,0,8370.4501953125,,,0,,,0,8370.4501953125,,,0,,,0,8370.4501953125,,,0,,,0,8370.4501953125,,,0,,,0,8370.4501953125,,,0,,,0
AR,,,132.49000549316406,849,200,1891,20,120,1300,112,241,112,4298,100,84,301,285.7099914550781,,,0,,,0,148,27,130,4155,406,100,876,300,600,270,650,,,0,188,190,288,756,40,188,180
ARP,,,5869.1201171875,,,0,,,0,5869.1201171875,,,0,,,0,5869.1201171875,,,0,,,0,5869.1201171875,,,0,,,0,5869.1201171875,,,0,,,0,5869.1201171875,,,0,,,0
ASE,,,73750,6,75000,149,6,46000,24,54936.671875,1,55000,1,3,41000,33,19715.48046875,,,0,,,0,40000,42,50000,44,3,38000,17,19715.48046875,,,0,,,0,52000,1,52000,1,1,38500,8
AST,,,1776.7900390625,2,1780,103,100,1250,200,2100,,,0,,,0,1629.8599853515625,,,0,,,0,2500,39,2500,167,1,1500,11,1629.8599853515625,,,0,,,0,1629.8599853515625,20,2200,56,,,0
ATA,,,28700,9,38900,96,4,30000,33,40000,,,0,4,26000,26,15057.51953125,,,0,,,0,21001,1,40000,74,4,21000,12,15057.51953125,,,0,,,0,50000,,,0,1,25000,1
ATP,,,12416.009765625,,,0,,,0,12416.009765625,,,0,,,0,12416.009765625,,,0,,,0,12416.009765625,,,0,,,0,12416.009765625,,,0,,,0,12416.009765625,,,0,,,0
AU,,,1200,60,2200,181,45,1200,81,1222.219970703125,2,1444,2,10,1222.219970703125,10,627.3300170898438,,,0,,,0,999.219970703125,25,2349,95,,,0,627.3300170898438,,,0,,,0,2556.550048828125,5,1611.6099853515625,31,,,0
AUO,137,,200,28,200,354,100,169,975,236.08999633789062,138,310,162,59,185,679,108.2699966430664,,,0,,,0,170.25999450683594,32,425.6400146484375,756,100,145,350,108.2699966430664,,,0,,,0,250,,,0,85,170.02000427246094,505
AWF,,,3000,,,0,,,0,6000,,,0,,,0,2969.239990234375,,,0,,,0,2000,,,0,2,2000,2,2969.239990234375,,,0,,,0,2969.239990234375,14,6200,14,,,0
AWH,,,10563.259765625,,,0,,,0,10563.259765625,,,0,,,0,10563.259765625,,,0,,,0,10563.259765625,,,0,,,0,10563.259765625,,,0,,,0,10563.259765625,,,0,,,0
BAC,,,1000,,,0,,,0,3000,10,2999.989990234375,12,20,900,46,1288.9000244140625,,,0,,,0,1998,10,1997,420,50,1005.0999755859375,70,1288.9000244140625,,,0,,,0,800,10,2000,10,80,800,80
BAI,,,6845.89990234375,,,0,,,0,13000,8,13000,8,,,0,6845.89990234375,,,0,,,0,10000,15,10000,41,,,0,6845.89990234375,,,0,,,0,6845.89990234375,,,0,,,0
BBH,750,2400,1864,4,1864,815,18,1771.949951171875,404,1980,25,1980,304,5,1610.0400390625,402,1700,4,1700,4,2,1500,6,1972,25,1972,632,32,1751.02001953125,2806,1186.8399658203125,92,2400,172,,,0,2200,9,2200,321,32,1500,374
BCO,,,343.2699890136719,30,325,3149,200,300,1200,394.9800109863281,80,1119.260009765625,1610,370,380,10370,304.3599853515625,,,0,,,0,427.3299865722656,80,435,130,400,212,440,304.3599853515625,,,0,,,0,474.989990234375,,,0,,,0
BDE,850,2350,1617.8599853515625,9,1650,617,24,1510,636,1549,27,1549,1088,20,1310,628,1550,22,1550,22,,,0,1571,78,1571,618,30,1451,902,2350,63,2350,183,,,0,1203.030029296875,9,1599.989990234375,1156,1,1203.030029296875,483
BE,,,3000,1,3000,159,100,2500,233,2300,114,2950,114,,,0,1194,,,0,,,0,2700,364,3750,1364,200,2800,200,1194,,,0,,,0,2749.989990234375,85,2749.989990234375,270,,,0
BEA,,,121,453,148,802,128,121,1852,100,272,130,272,245,100,2100,84,,,0,,,0,120.19999694824219,790,128,1587,43,120.23999786376953,2448,100,,,0,24,90,24,104.0199966430664,36,115,1460,200,104.0999984741211,2612
BER,,,684,238,684,238,200,501,710,500,,,0,100,325,244,20,,,0,,,0,388.989990234375,487,388.989990234375,3669,60,330,320,117.55000305175781,,,0,,,0,400,410,400,966,100,280,310
BFP,,,20238.900390625,,,0,,,0,20238.900390625,,,0,,,0,20238.900390625,,,0,,,0,20238.900390625,,,0,,,0,20238.900390625,,,0,,,0,20238.900390625,,,0,,,0
BFR,,,1500,2,1750,2,26,1500,26,2000,160,2000,160,,,0,2539.510009765625,,,0,,,0,1999.989990234375,1,1900,5,,,0,2539.510009765625,,,0,,,0,3000,1,2900,6,,,0
BGC,,,380,10,497,50,60,420,1120,475,99,550,99,100,380,300,324.989990234375,,,0,,,0,380,150,475,1140,220,385,710,324.989990234375,,,0,,,0,688.8599853515625,30,686.8599853515625,330,74,350,74
BGO,,,2415.739990234375,27,1750,76,3,1000,103,1250,,,0,20,1250,20,766.97998046875,,,0,,,0,1900,113,2500,113,3,1000,3,766.97998046875,,,0,,,0,1500,,,0,,,0
BGS,,,88306.3984375,,,0,1,60000,1,63000,,,0,,,0,88306.3984375,,,0,,,0,60000,,,0,1,60000,1,88306.3984375,,,0,,,0,88306.3984375,,,0,1,60000,1
BHP,,,3000,129,3000,140,20,2060,135,2998,1,2880,31,10,2110.10009765625,70,1500,,,0,,,0,3250,35,3240,1239,10,2900,135,1600,,,0,,,0,4091.179931640625,25,3500,218,20,2301,119
BID,,,25000,,,0,,,0,24566.470703125,,,0,,,0,24566.470703125,,,0,,,0,40000,,,0,18,40000,18,24566.470703125,,,0,,,0,24566.470703125,,,0,,,0
BL,,,3000,8,8000,8,6,3000,6,1750,,,0,6,2800,16,3004.719970703125,,,0,,,0,6500,,,0,12,5000,72,3004.719970703125,,,0,,,0,5000,,,0,20,5000,40
BLE,,,1500,9,1989,30,,,0,1440,27,1700,43,2,900.010009765625,14,1821.280029296875,,,0,,,0,1875,5,1950,5,3,1200,7,1821.280029296875,,,0,,,0,700,2,1100,8,20,500,20
BMF,,,21000,,,0,1,16500,2,25000,,,0,4,10000,4,11077.5703125,,,0,,,0,27974.66015625,2,29000,2,1,22000,5,11077.5703125,,,0,,,0,15000,,,0,,,0
BND,,,274.30999755859375,,,0,,,0,274.30999755859375,,,0,,,0,274.30999755859375,,,0,,,0,400,,,0,,,0,274.30999755859375,,,0,,,0,274.30999755859375,40,600,200,,,0
BOR,,,350,20,349,226,50,185,162,370,199,350,491,10,281,500,117.55000305175781,,,0,,,0,495,241,500,518,40,360,660,75,729,10000,1185,50,130,250,263.6499938964844,12,344,12,100,100,100
BOS,,,5000,3,6000,3,99,5000,119,5362.5,4,4500,12,,,0,1914.6800537109375,,,0,,,0,3750,4,4900,43,,,0,1914.6800537109375,,,0,,,0,1914.6800537109375,,,0,,,0
BPT,,,2656.85009765625,,,0,,,0,2656.85009765625,,,0,,,0,2656.85009765625,,,0,,,0,3000,,,0,3,3000,3,2656.85009765625,,,0,,,0,3000,,,0,3,3000,3
BR1,,,500000,,,0,,,0,470000,,,0,,,0,255340.484375,,,0,,,0,625000,1,650000,1,1,375000,1,255340.484375,,,0,,,0,450000,,,0,,,0
BR2,,,343143.09375,,,0,,,0,343143.09375,,,0,,,0,343143.09375,,,0,,,0,343143.09375,1,857857.75,3,,,0,343143.09375,,,0,,,0,343143.09375,,,0,,,0
BRM,,,90,63,150,875,,,0,90,16,180,16,99,90,699,51.43000030517578,200,110,546,,,0,190.32000732421875,120,160,436,140,100,871,40,240,100,417,400,40,400,90,200,100,1236,400,55,600
BRO,,,1150,34,950,88,,,0,1106.3299560546875,,,0,20,1200,20,836.489990234375,,,0,,,0,1899.989990234375,3,1899.989990234375,198,,,0,836.489990234375,,,0,,,0,1800,5,1800,67,,,0
BRP,,,3225.530029296875,,,0,,,0,3225.530029296875,,,0,,,0,3225.530029296875,,,0,,,0,3225.530029296875,,,0,,,0,3225.530029296875,,,0,,,0,3225.530029296875,,,0,,,0
BRS,,,220000,,,0,1,200000,1,190000,,,0,,,0,127983.546875,,,0,,,0,167000,,,0,1,200000,1,127983.546875,,,0,,,0,193000,,,0,,,0
BSC,,,28500,,,0,,,0,14624.330078125,,,0,,,0,14624.330078125,,,0,,,0,15001,,,0,,,0,14624.330078125,,,0,,,0,14624.330078125,,,0,,,0
BSE,475,1550,1425,72,1425,2693,5,1340,5868,1475,4,1475,169,306,1400,706,1500,,,0,2,1200,32,1480,100,1479,9103,20,1373.0999755859375,2251,1550,185,1550,185,7,1000,7,1500,14,1500,3021,7,1300.010009765625,1031
BTA,500,1600,1200,43,1200,303,4,1050.010009765625,473,1113.97998046875,32,1113.97998046875,575,2,1025,232,500,,,0,,,0,999.989990234375,10,999.97998046875,701,42,882.02001953125,456,890,20,890,221,,,0,860.010009765625,20,1000,434,4,853.010009765625,135
BTS,,,430,,,0,97,430,227,475,804,475,2738,100,310,100,100.3499984741211,,,0,,,0,499,1130,450,4448,10,350,10,100.3499984741211,,,0,,,0,400,100,1500,100,50,400,50
BWH,,,5000,,,0,,,0,3769.89990234375,,,0,,,0,3769.89990234375,,,0,,,0,5000,8,4950,9,,,0,3769.89990234375,,,0,,,0,3769.89990234375,,,0,,,0
BWS,,,21000,,,0,10,10000,10,26900,4,26900,8,5,10000,5,8697.1298828125,,,0,,,0,26000,1,33000,1,20,21000,40,8697.1298828125,,,0,,,0,20000,,,0,4,20000,4
C,225,,460,20,450,5138,200,425,5859,389.9800109863281,28,389.9800109863281,17677,10,349,6909,350,36,350,36,,,0,375,36,399.989990234375,5326,20,375,3743,300,112,500,112,100,300,100,347,48,343,4179,500,325,4844
CA,,,1000,,,0,100,50,100,300,15,397.9599914550781,164,4,300,159,1008.4000244140625,,,0,,,0,200,10,400,48,3,125,113,1008.4000244140625,,,0,,,0,407.6099853515625,1,585,22,10,50,10
CAF,,,655,129,655,453,30,600,180,649,63,649.989990234375,777,2,550,282,780,,,0,,,0,699.9500122070312,56,699.9500122070312,2183,300,560.010009765625,615,782.97998046875,,,0,4,800,4,700,11,999.989990234375,5399,1,700,797
CAP,,,98.05999755859375,58,120,2368,,,0,200,86,150,161,,,0,143.9499969482422,,,0,,,0,106.81999969482422,10,105,260,10,80.22000122070312,10,143.9499969482422,,,0,,,0,195,15,195,295,,,0
CBL,87000,,88000,1,120000,13,7,87001,117,95000,4,92000,8,4,87001,104,43824.359375,,,0,,,0,87000,1,95000,10,100,87000,100,43824.359375,,,0,,,0,87000,5,98500,8,100,87000,100
CBM,60000,,60000,2,90000,18,10,60001,110,60000,1,65000,7,100,60000,100,29642.349609375,,,0,,,0,60000,,,0,100,60000,100,29642.349609375,,,0,,,0,60000,2,65000,4,100,60000,100
CBS,,,40001,10,42000,27,14,40001,114,40000,6,46000,15,100,40000,100,17970.41015625,,,0,,,0,40000,5,68800,5,100,40000,100,17970.41015625,,,0,,,0,40000,1,50000,2,100,40000,100
CC,,,332495.9375,,,0,100,300000,100,332495.9375,,,0,100,300000,100,332495.9375,,,0,,,0,300000,,,0,100,300000,100,332495.9375,,,0,,,0,332495.9375,,,0,100,300000,100
CCD,55000,,55000,,,0,100,55000,100,55000,10,60000,11,100,55000,100,27535.919921875,,,0,,,0,55000,,,0,100,55000,100,27535.919921875,,,0,,,0,55000,,,0,100,55000,100
CD,,,6000,19,6000,29,,,0,12000,,,0,,,0,7735.06005859375,,,0,,,0,1000,,,0,,,0,7735.06005859375,,,0,,,0,7735.06005859375,,,0,,,0
CF,,,2650,1,2750,1,,,0,2700,12,3000,12,,,0,3377.47998046875,,,0,,,0,3000,10,3400,35,14,3000,14,3377.47998046875,,,0,,,0,2000,1,4098,30,23,2000,23
CHA,,,21056.5703125,,,0,,,0,12000,,,0,,,0,21056.5703125,,,0,,,0,30000,,,0,41,12000,41,21056.5703125,,,0,,,0,12500,,,0,,,0
CL,,,2500,20,2900,76,80,2500,115,2749,45,2749,93,85,2500,170,2212.429931640625,,,0,,,0,2900,51,2999,190,55,2500,998,1650,53,1650,153,25,1300,25,2825,60,2825,147,8,1800.010009765625,23
CLI,51,,125,220,125,1104,50,81,807,91.02999877929688,102,95,1910,100,52,1263,51.43000030517578,,,0,,,0,88,31,88,2774,2,85,903,150,,,0,143,150,143,80,386,95.98999786376953,1601,42,80,591
COF,,,447.989990234375,654,447.989990234375,7747,7,356,1185,425,97,425,6541,9,373.04998779296875,970,395,,,0,,,0,398,100,397.8999938964844,25091,100,364.010009765625,560,499,4320,499,4320,33,400,113,321,1190,321,21336,295,221,2644
COM,,,150000,,,0,2,175000,2,300000,,,0,1,140000,1,37644.23046875,,,0,,,0,120000,,,0,10,90000,13,37644.23046875,,,0,,,0,37644.23046875,,,0,,,0
COT,,,1800,96,1800,260,5,1430,38,1353,8,2009.9200439453125,176,2,1352.010009765625,243,1698.0400390625,10,1500,10,,,0,1865,28,2280,31,14,1650.010009765625,184,2000,,,0,,,0,1849,27,1849,167,5,1800,146
CQL,,,1000000,,,0,,,0,641697.3125,,,0,,,0,641697.3125,,,0,,,0,641697.3125,,,0,,,0,641697.3125,,,0,,,0,641697.3125,,,0,,,0
CQM,,,1000000,,,0,,,0,860000,1,1000000,1,,,0,486497.15625,,,0,,,0,750000,,,0,,,0,486497.15625,,,0,,,0,860000,,,0,,,0
CQS,,,780000,1,780000,1,,,0,780000,,,0,,,0,381973.59375,,,0,,,0,675000,1,675000,1,,,0,381973.59375,,,0,,,0,780000,,,0,,,0
CQT,,,170000,,,0,,,0,150000,,,0,,,0,109265.2421875,,,0,,,0,150000,,,0,,,0,109265.2421875,,,0,,,0,48000,,,0,,,0
CRU,150000,,140199.15625,,,0,100,150000,100,140199.15625,,,0,100,150000,100,140199.15625,,,0,,,0,140199.15625,,,0,100,150000,100,140199.15625,,,0,,,0,140199.15625,,,0,100,150000,100
CST,,,2942.81005859375,,,0,,,0,480,,,0,,,0,2942.81005859375,,,0,,,0,106,6,50,6,,,0,2942.81005859375,,,0,,,0,2942.81005859375,3,2942,9,,,0
CTF,,,16000,,,0,15,11000,15,24000,,,0,12,20000,12,10124.5595703125,,,0,,,0,23000,5,30000,5,10,17000,98,10124.5595703125,,,0,,,0,44000,15,50000,15,,,0
CU,,,1300,20,1500,20,31,1300,126,1800,104,1800,104,3,932.9299926757812,3,560.739990234375,,,0,,,0,1599.989990234375,20,1921.5400390625,20,40,1150.010009765625,241,560.739990234375,,,0,,,0,950,150,2300,150,,,0
CUO,63,,220,234,219,3227,10,205,4586,300,55,300,1055,20,250,288,63.29999923706055,,,0,,,0,237.50999450683594,124,590,624,20,350.010009765625,867,63.29999923706055,738,10000,738,,,0,241.14999389648438,124,550,124,200,220,840
DA,,,30000,9,30000,9,,,0,28000,1,28000,6,,,0,26241.5703125,,,0,,,0,44000,16,39500,50,,,0,26241.5703125,,,0,,,0,26241.5703125,1,60000,1,,,0
DCH,,,9000,,,0,,,0,8802.490234375,37,13000,37,,,0,8802.490234375,,,0,,,0,8802.490234375,,,0,,,0,8802.490234375,,,0,,,0,8802.490234375,,,0,,,0
DCL,,,2400,,,0,,,0,3472.8798828125,10,3979.590087890625,12,,,0,3538.300048828125,,,0,,,0,2500,88,2500,128,,,0,3538.300048828125,,,0,,,0,4000,,,0,,,0
DCM,,,2700,,,0,100,1800,100,2000,,,0,10,1500,46,2267.81005859375,,,0,,,0,2500,,,0,,,0,2267.81005859375,,,0,,,0,2000,,,0,10,2000,10
DCS,,,400,,,0,50,400.010009765625,130,1200,120,1200,120,20,900,362,861.1300048828125,,,0,,,0,1000,419,1000,419,12,700,12,861.1300048828125,,,0,,,0,800,,,0,,,0
DD,,,26708.400390625,,,0,,,0,26708.400390625,6,18500,7,,,0,26708.400390625,,,0,,,0,26708.400390625,2,30000,2,,,0,26708.400390625,,,0,,,0,26708.400390625,,,0,,,0
DDT,,,4000,,,0,6,2550,104,2190,125,2199,196,18,2110,551,2318.090087890625,,,0,,,0,2407.5,6,2650,835,4,2400,320,2250,12,2500,12,,,0,2500,100,2499.989990234375,324,1,2400,112
DEC,,,10000,,,0,36,10000,46,10000,1,10000,11,1,8030.60009765625,20,9479.2001953125,,,0,,,0,13000,4,16000,71,100,11000,104,9479.2001953125,,,0,,,0,15595.509765625,2,15900,2,,,0
DIS,,,4500,60,4200,80,,,0,4400,,,0,,,0,5291.64013671875,,,0,,,0,4100,,,0,,,0,5291.64013671875,,,0,,,0,5000,,,0,20,1500,20
DOU,,,200000,,,0,,,0,102996.203125,,,0,,,0,102996.203125,,,0,,,0,102996.203125,,,0,,,0,102996.203125,,,0,,,0,102996.203125,,,0,,,0
DRF,,,2000,4,999,91,,,0,2500,35,3800,35,,,0,3025.3798828125,,,0,,,0,4997,5,3094,261,,,0,3025.3798828125,,,0,,,0,3025.3798828125,,,0,,,0
DV,,,12329.669921875,,,0,,,0,12000,2,12000,8,,,0,12329.669921875,,,0,,,0,12329.669921875,1,20000,1,,,0,12329.669921875,,,0,,,0,12329.669921875,2,20000,2,,,0
DW,19,121,73.97000122070312,149,73.97000122070312,27446,50,64.01000213623047,49822,78,709,78,27652,50,72,17698,46,2809,68,5695,960,46,1405,76.9800033569336,3917,76.9800033569336,25289,500,62.52000045776367,189203,50,4891,50,17367,1,40,501,51.119998931884766,40,55,37948,340,51.20000076293945,103090
EDC,16000,,16000,377,16002,937,150,16000.009765625,250,16000,1,16300,9,100,16000,100,8219.7802734375,,,0,,,0,16000.01953125,15,18000,15,38,16000.01953125,1138,8219.7802734375,,,0,,,0,16000,1,17000,11,100,16000,100
EES,,,48741.9609375,2,90000,2,,,0,100000,1,100000,2,,,0,48741.9609375,,,0,,,0,65000,2,72000,13,,,0,48741.9609375,,,0,,,0,48741.9609375,,,0,,,0
ENG,,,500000,,,0,,,0,366662.8125,,,0,,,0,366662.8125,,,0,,,0,500000,1,500000,1,,,0,366662.8125,,,0,,,0,366662.8125,,,0,,,0
EPO,,,90,2945,170,2945,600,100,3150,140,100,139.5,4080,300,111,11270,82.68000030517578,,,0,,,0,135,500,135,22123,400,122.01000213623047,22772,82.68000030517578,,,0,,,0,90.0199966430664,500,165,6038,400,91,1758
ES,,,6997.66015625,15,6990,50,40,4000,50,6000,10,6000,20,10,4000,164,1888.1600341796875,,,0,,,0,6350,10,6000,93,1,4500,487,1888.1600341796875,,,0,,,0,5000,,,0,30,4444.43994140625,86
ETC,,,15000,7,14000,24,,,0,12000,18,12000,22,,,0,10329.26953125,,,0,,,0,15000,,,0,,,0,10329.26953125,,,0,,,0,11900,,,0,,,0
EXO,,,174,95,174,2367,324,140,521,170,197,170,653,500,80.51000213623047,999,150,60,170,60,,,0,195,50,195,1935,2000,156,4978,250,36,250,245,,,0,165.99000549316406,300,165.89999389648438,1105,90,140,2370
F,,,3000,20,3000,20,20,2150,75,5000,10,7000,10,14,2500,523,222.22000122070312,,,0,,,0,12500,,,0,10,3015.300048828125,13,222.22000122070312,,,0,,,0,1200,,,0,10,3000,20
FAL,,,1198.219970703125,,,0,80,700,80,600,,,0,,,0,1027.9599609375,,,0,,,0,1300,18,1295,51,28,650,58,1027.9599609375,,,0,,,0,1000,3,1000,3,,,0
FAN,,,1200,5,1200,5,,,0,1000,66,1000,277,,,0,987.25,,,0,,,0,999,3,999,189,,,0,987.25,,,0,,,0,1500,5,1200,5,,,0
FC,,,2000,48,2900,53,39,2000,39,3000,11,3600,11,4,3000,4,2253.139892578125,,,0,,,0,4333.330078125,,,0,,,0,2253.139892578125,,,0,,,0,2000,2,2500,2,,,0
FE,,,560,55,560,338,100,481,1385,499,45,499,537,5,415.5,835,404.010009765625,,,0,500,40.40999984741211,500,409.989990234375,39,400,1154,100,390,1121,400,,,0,79,400,79,519.989990234375,23,519.989990234375,231,100,205,1375
FEO,32,,110,150,110,1612,14,100,1499,66,10,99.5,63,20,66,2029,50,,,0,,,0,33,12,45,3641,23,33,13570,41,120,40,120,,,0,70.5,84,103,2363,323,70.5,1586
FET,,,1700,81,1800,81,100,1000,100,2000,,,0,,,0,1614.260009765625,,,0,,,0,2000,23,2000,93,,,0,1614.260009765625,,,0,,,0,2500,,,0,,,0
FF,,,13,30673,13,97415,600,12.949999809265137,15309,10.680000305175781,3726,10.6899995803833,269509,1000,10.600000381469727,39506,14.989999771118164,9299,50,13685,14,24,14,10.989999771118164,12429,10.989999771118164,235364,2000,9.850000381469727,70016,9.100000381469727,1500,10,18982,100,9.010000228881836,2100,9.920000076293945,10000,10.9399995803833,143420,1100,9.920000076293945,53900
FFC,,,325000,1,315000,4,100,150000,100,315000,,,0,1,250000,101,144805.65625,,,0,,,0,325000,1,299995,2,100,150000,100,144805.65625,,,0,,,0,325000,1,1000000,1,100,150000,100
FIM,,,2455.340087890625,,,0,300,1200,419,1747.4000244140625,,,0,200,1001.010009765625,490,909.9500122070312,,,0,,,0,1800,15,2400,339,100,1440,3731,850,,,0,,,0,1400.02001953125,80,1900,182,115,1450,3543
FIR,,,564206.1875,,,0,,,0,564206.1875,,,0,,,0,564206.1875,,,0,,,0,564206.1875,1,975000,1,,,0,564206.1875,,,0,,,0,564206.1875,,,0,,,0
FLO,,,15000,,,0,,,0,8000,,,0,,,0,10184.8095703125,,,0,,,0,20000,1,14900,13,,,0,10184.8095703125,,,0,,,0,10184.8095703125,1,20000,1,,,0
FLP,,,350,24,800,28,,,0,375,,,0,6,375,6,312.0899963378906,,,0,,,0,393.5199890136719,,,0,6,1000,6,312.0899963378906,,,0,,,0,400,5,400,45,,,0
FLX,,,166.6699981689453,43,190,532,470,120,2103,150,200,149,3354,300,76,1130,75,52,75,62,,,0,103.94999694824219,319,103.94999694824219,20748,8,90,5447,80,100,80,449,,,0,119.98999786376953,63,119.98999786376953,1038,100,95,2110
FOD,,,250,296,250,1058,100,150,282,160,,,0,300,160,1114,170.30999755859375,,,0,,,0,222,32,175,32,,,0,170.30999755859375,,,0,,,0,245,16,250.5800018310547,16,,,0
FSE,,,750000,,,0,1,500000,1,800000,,,0,,,0,427320.125,,,0,,,0,600000,,,0,5,600000,5,427320.125,,,0,,,0,745000,,,0,,,0
FUN,,,60078.3984375,,,0,,,0,60078.3984375,,,0,,,0,60078.3984375,,,0,,,0,60078.3984375,,,0,,,0,60078.3984375,,,0,,,0,60078.3984375,,,0,,,0
GAL,57,,178.41000366210938,914,200,1223,199,110,618,57.20000076293945,98,75.9000015258789,7103,173,57.20000076293945,1205,80,,,0,,,0,80.08000183105469,45,149,2765,166,80.08000183105469,1767,57,86,70,186,,,0,133,78,133,6134,56,101,1777
GC,,,186.2100067138672,50,200,50,290,160,290,150,80,160,511,20,120,50,153.66000366210938,,,0,,,0,170,100,176,790,144,170,224,153.66000366210938,,,0,,,0,175,50,199.99000549316406,120,,,0
GCH,,,19048.66015625,,,0,,,0,9000,,,0,,,0,19048.66015625,,,0,,,0,565,,,0,,,0,19048.66015625,,,0,,,0,7500,,,0,,,0
GEN,,,125000,,,0,5,120000,5,140000,1,165000,1,,,0,239354.234375,,,0,,,0,140000,1,165000,4,6,130000,6,239354.234375,,,0,,,0,140000,,,0,,,0
GIN,,,2946.3798828125,14,2950,64,20,2201,20,4000,20,3450,102,48,2900,48,2500,,,0,,,0,3200,1,3150,199,20,2800,707,2807.68994140625,,,0,,,0,2600,16,2588.52001953125,158,20,2010,258
GL,,,279,100,250,1877,350,190,1632,200,20,215,477,,,0,248.6999969482422,,,0,,,0,200,340,270,975,50,220,1191,248.6999969482422,26,320,26,,,0,209,10,209.99000549316406,1575,80,175,1150
GNZ,,,40847.19140625,6,18000,6,,,0,40847.19140625,,,0,,,0,40847.19140625,,,0,,,0,13000,,,0,,,0,40847.19140625,,,0,,,0,40847.19140625,,,0,,,0
GRA,,,3000,,,0,200,2000,300,2200,,,0,,,0,1401.739990234375,,,0,,,0,2800,9,2800,9,5,1500,15,1401.739990234375,,,0,,,0,2995,10,2995,40,10,2502,110
GRN,86,,110,6,150,1965,32,110,1011,140.22000122070312,109,104,756,30,101,2088,120,32,120,32,,,0,164,60,164,1277,10,145,3248,110,100,110,488,,,0,111.95999908447266,340,109,6289,1000,101.01000213623047,4912
GV,,,650,1,1050,20,4,650,7,1000,1,1400,11,3,1000,3,1032.550048828125,,,0,,,0,700,90,1000,124,,,0,1032.550048828125,,,0,,,0,1200,6,1140,19,1,690,1
H,50,,115,2211,115,20290,100,81.01000213623047,14394,97,383,97,2152,84,93.19999694824219,4381,90,,,0,,,0,100,6329,100,22128,1849,80.05000305175781,5015,80,520,80,744,1090,70,1090,74,220,74.9800033569336,132857,250,54.0099983215332,26700
H2O,,,29,2260,29,87521,50,23,34585,32,6769,32,24238,300,30,30869,10.010000228881836,,,0,2000,20,2000,28.600000381469727,2350,28.600000381469727,20029,60,24.25,71409,38,350,38,1517,3000,21.010000228881836,13000,26.43000030517578,10000,27.5,27687,60,25.049999237060547,34753
HAB,,,60000,14,150000,14,2,60000,2,38000,,,0,,,0,53978.7890625,,,0,,,0,40000,,,0,,,0,53978.7890625,,,0,,,0,45000,,,0,,,0
HAL,75,,290,119,290,967,24,200.0500030517578,1190,265,62,265,321,83,200,2124,102.86000061035156,,,0,,,0,210.00999450683594,1000,250,1762,100,210.00999450683594,3030,500,60,500,60,,,0,200,40,200,1516,230,151.02000427246094,589
HCC,,,400,40,495,461,990,400,1590,400,,,0,1000,350,1035,328.1400146484375,,,0,,,0,350,50,450,610,400,350,988,328.1400146484375,,,0,,,0,1211.2099609375,30,1699.6099853515625,60,500,350,500
HCP,88,,123,214,168,294,128,123,1526,107.5999984741211,80,268.8699951171875,245,40,107.5999984741211,2162,149,,,0,,,0,169.86000061035156,1652,175,4351,1000,140,2150,100,9,100,109,,,0,101,100,124,1561,4,101,1374
HD,,,2800,66,2800,76,50,2000,60,2500,34,2500,34,30,1200,30,1609.739990234375,,,0,,,0,2511,5,2511,5,,,0,1609.739990234375,,,0,,,0,1609.739990234375,,,0,10,1000,10
HE,75,,150,446,299,803,112,130,2373,88.87000274658203,80,88.87000274658203,1432,100,75.01000213623047,200,121.20999908447266,,,0,,,0,80,4968,79,12222,200,75.11000061035156,10300,185,100,160,244,,,0,168.99000549316406,50,168.99000549316406,1358,100,85,409
HE3,,,293,130,293,200,32,160.00999450683594,306,245,500,239,1814,40,178,1070,50000,,,0,,,0,275,200,274,7635,46,250,1614,220,,,0,,,0,224.97999572753906,238,224.97999572753906,26479,400,170,2512
HER,,,1870.8399658203125,,,0,54,1750,80,1750,90,1750,90,10,1300.010009765625,249,1200.0899658203125,,,0,,,0,3000,25,3000,25,20,2500,1862,1400,30,1400,60,500,1100,500,1833.050048828125,70,2500,70,76,1800,863
HEX,,,41.13999938964844,,,0,,,0,41.13999938964844,,,0,,,0,41.13999938964844,,,0,,,0,41.13999938964844,,,0,,,0,41.13999938964844,,,0,,,0,41.13999938964844,,,0,,,0
HHP,,,3373.25,,,0,,,0,3373.25,,,0,,,0,3373.25,,,0,,,0,3373.25,,,0,,,0,3373.25,,,0,,,0,3373.25,,,0,,,0
HMS,,,1738.4599609375,120,1400,120,10,1000,142,1335,204,1335,643,20,1010,329,575,,,0,50,750,50,1219.989990234375,10,1219,1124,12,700,139,1000,13,1000,54,,,0,1333.31005859375,69,1333.31005859375,402,50,1053.010009765625,571
HNZ,,,99440.7421875,,,0,,,0,99440.7421875,,,0,,,0,99440.7421875,,,0,,,0,99440.7421875,,,0,,,0,99440.7421875,,,0,,,0,99440.7421875,,,0,,,0
HOG,,,3600,16,3600,76,,,0,4146.8798828125,,,0,,,0,3884.449951171875,,,0,,,0,3800,,,0,,,0,3884.449951171875,,,0,,,0,3884.449951171875,,,0,,,0
HOP,,,2400,,,0,50,2001,300,1750,30,2700,30,60,1250,188,906.6699829101562,,,0,,,0,1900,30,3500,674,100,1710,875,906.6699829101562,,,0,,,0,1900,174,2366.320068359375,210,50,1800,624
HPC,,,13005.009765625,,,0,,,0,13005.009765625,,,0,,,0,13005.009765625,,,0,,,0,20000,5,4000,5,,,0,13005.009765625,,,0,,,0,13005.009765625,,,0,,,0
HPR,,,732931.375,,,0,,,0,732931.375,,,0,,,0,732931.375,,,0,,,0,732931.375,1,999999,2,,,0,732931.375,,,0,,,0,732931.375,,,0,,,0
HSE,,,12000,2,12600,204,17,12000,54,10250,1,11400,1,19,10250,49,11000,1,9500,9,,,0,9000,16,11749,101,20,8000,45,6520.85986328125,,,0,30,5000,30,12499,2,12499,42,20,10000,20
HSS,,,2300,45,2300,289,10,2000,201,1500,121,1500,161,40,1100,140,1000,,,0,,,0,2050,12,2099.989990234375,120,8,1600,1660,1109.52001953125,20,2000,20,,,0,2499.989990234375,29,2499.989990234375,242,21,1700,721
HTE,,,1704487.375,,,0,,,0,1704487.375,,,0,,,0,1704487.375,,,0,,,0,1704487.375,,,0,,,0,1704487.375,,,0,,,0,1704487.375,,,0,,,0
HYR,,,1397232.5,,,0,,,0,1397232.5,,,0,,,0,1397232.5,,,0,,,0,1397232.5,,,0,,,0,1397232.5,,,0,,,0,1397232.5,,,0,,,0
I,,,350,5,350,2874,23,300,183,500,22,500,118,,,0,634.2899780273438,,,0,,,0,452.1300048828125,56,449,2103,50,232,168,634.2899780273438,,,0,,,0,200,28,249,2990,204,200,304
IDC,20000,,24000,4,25000,7,50,20000.009765625,150,20000,4,22222.220703125,4,100,20000,100,10433.23046875,,,0,,,0,20000,34,22000,34,100,20000,100,10433.23046875,,,0,,,0,20000,10,22000,10,100,20000,100
IMM,,,68599.8203125,,,0,,,0,68599.8203125,,,0,,,0,68599.8203125,,,0,,,0,68599.8203125,,,0,,,0,68599.8203125,,,0,,,0,68599.8203125,,,0,,,0
IND,,,1900,9,6000,45,100,2100,197,2500,11,3000,26,1,1200,17,2000.25,,,0,,,0,2400,10,2400,10,10,1900,41,2000.25,,,0,,,0,2400,,,0,1,1750,1
INS,,,111,422,111,41408,2000,109,115750,132,26,132,21099,165,106,3265,9,,,0,,,0,143.9600067138672,835,143.9600067138672,22005,100,140,2714,160,,,0,,,0,123.98999786376953,1600,119.9800033569336,62992,240,115.01000213623047,1234
JUI,,,1109.18994140625,,,0,,,0,1109.18994140625,,,0,,,0,1109.18994140625,,,0,,,0,1109.18994140625,,,0,,,0,1109.18994140625,,,0,,,0,1109.18994140625,,,0,,,0
KOM,,,650,1912,650,3066,200,500,1047,500,702,500,3802,5,428,3047,450,,,0,,,0,650,69,650,1467,33,602,3036,400,250,365,324,,,0,689,124,689,1099,60,421.010009765625,1306
KV,,,13000,,,0,4,15000,18,10000,2,14800,2,6,1000,6,13713.3798828125,,,0,,,0,15000,57,16999,57,90,15000,138,13713.3798828125,,,0,,,0,12500,3,14444.41015625,4,4,12750,12
LBH,,,2678.570068359375,5,2800,193,4,2041,577,2999,10,2999,325,33,2750,109,2000,,,0,,,0,2996.72998046875,1763,3000,2973,15,2500,242,1900,38,1900,66,,,0,2628.699951171875,25,2997.989990234375,85,1,2628.699951171875,28
LC,,,2350,6,2350,33,1,1900,116,1759.0400390625,,,0,20,800,95,3206.679931640625,,,0,,,0,2350,6,2200,36,3,1375,151,3206.679931640625,,,0,,,0,4990,5,3500,53,100,500,100
LCB,,,300000,1,400000,2,2,300000,2,250000,1,250000,1,,,0,330863.5625,,,0,,,0,325000,3,325000,4,,,0,330863.5625,,,0,,,0,325000,1,325000,1,,,0
LCR,,,1000,3,1000,3,,,0,1744.9000244140625,2,3500,2,,,0,2970,,,0,,,0,2000,2,1850,24,,,0,2970,,,0,,,0,2000,,,0,,,0
LD,,,9000,,,0,,,0,6000,5,10000,5,5,5000,5,5134.419921875,,,0,,,0,9000,40,7500,161,,,0,5134.419921875,,,0,,,0,5134.419921875,7,10000,7,,,0
LDE,,,5433.52001953125,10,5000,87,3,4250,98,4600,10,5999.990234375,207,6,4600,6,4200,,,0,,,0,5897.5,47,5900,588,10,4900,160,4200,20,6000,20,40,3600,40,5949.990234375,11,5949,138,4,3501,28
LDI,,,40,6,250,6,,,0,200,49,264,55,917,200,917,287.2099914550781,,,0,,,0,295,,,0,,,0,287.2099914550781,,,0,,,0,444,66,444,143,,,0
LES,,,700,109,800,267,,,0,1000,,,0,,,0,228.57000732421875,,,0,,,0,500,242,650,316,,,0,228.57000732421875,,,0,,,0,400,70,1000,70,,,0
LFE,,,180000,3,195000,6,,,0,200000,3,200000,3,1,150000,1,75567.2265625,,,0,,,0,220000,18,220000,18,1,160000,2,75567.2265625,,,0,,,0,500000,,,0,2,190000,2
LFL,,,350000,1,350000,1,,,0,240000,2,250000,3,,,0,122737.671875,,,0,,,0,300000,1,350000,1,,,0,122737.671875,,,0,,,0,122737.671875,,,0,,,0
LFP,,,6000,,,0,,,0,4499,5,3000,5,,,0,7461.4599609375,,,0,,,0,5000,1,4974.5,14,,,0,7461.4599609375,,,0,,,0,7461.4599609375,,,0,,,0
LHP,,,2000,25,2000,322,571,1500,571,1800,14,1800,28,,,0,1616.9200439453125,,,0,,,0,2400,180,2400,1131,30,1800,30,1400,15,1400,17,,,0,2500,21,2500,21,,,0
LI,,,700,320,1250,769,100,700,100,881,321,881,815,100,500,100,472.2900085449219,,,0,,,0,750,877,750,1980,100,600,100,472.2900085449219,,,0,,,0,1100,,,0,,,0
LIO,,,250,193,250,263,23,150,23,300,249,300,249,100,210,200,19000,,,0,,,0,301.3399963378906,20,350,2210,15,200,40,68.56999969482422,,,0,,,0,475,,,0,400,210.02000427246094,500
LIS,250000,,450000,,,0,100,250000,100,350000,,,0,100,250000,100,257504.296875,,,0,,,0,450000,,,0,100,250000,100,257504.296875,,,0,,,0,257504.296875,1,625000,1,100,250000,100
LIT,,,13124.9404296875,,,0,,,0,13124.9404296875,,,0,,,0,13124.9404296875,,,0,,,0,9999,,,0,,,0,13124.9404296875,,,0,,,0,13124.9404296875,1,9999,1,,,0
LOG,56000,,56000,6,57000,25,100,56000,100,56000,4,70000,4,100,56000,100,28263.599609375,,,0,,,0,56000,,,0,1,56001,101,28263.599609375,,,0,,,0,75000,1,75000,1,100,56000,100
LSE,,,5500,10,5000,769,1,4600,52,6499,15,6499,151,1,4623.009765625,10,4650,,,0,,,0,5568.39990234375,9,5571,329,4,4000,211,6000,15,6000,15,36,4200,36,5900,10,7691,10,4,5001,73
LSL,,,200000,1,250000,1,,,0,205256.8125,1,350000,1,,,0,205256.8125,,,0,,,0,300000,,,0,,,0,205256.8125,,,0,,,0,205256.8125,,,0,,,0
LST,,,130,8,130,4507,50,74,5214,108.9000015258789,16,108.88999938964844,6637,20,93,5250,41,,,0,,,0,125.5,86,150,3990,100,125.5999984741211,3337,70,,,0,113,70,113,115,549,160,2107,236,115,2733
LTA,,,1900,41,1999,74,4,1752.0999755859375,77,1852.010009765625,2,2456.97998046875,218,4,1852.010009765625,7,1950,,,0,,,0,2195,5,2195,456,4,1900,173,1900,11,1900,27,,,0,2396.989990234375,9,2396.97998046875,300,4,2248.969970703125,66
LU,,,60000,,,0,,,0,62782.37109375,,,0,5,50000,5,62782.37109375,,,0,,,0,62782.37109375,,,0,5,50000,5,62782.37109375,,,0,,,0,62782.37109375,,,0,5,50000,5
MAG,87,,250,,,0,20,150,220,250,1,250,1,99,88,199,117.55000305175781,,,0,,,0,139,22,139,144,100,87,100,117.55000305175781,,,0,,,0,87,65,90,507,100,87,100
MAI,,,140,24,140,376,67,100,353,101,,,0,52,101,1170,171.1699981689453,,,0,,,0,129.5500030517578,40,144.9499969482422,5225,86,128,1282,110,30,110,145,,,0,103.01000213623047,330,125,2640,200,103.0999984741211,4306
MB,,,4400,6,5000,6,10,3000,10,4000,,,0,1,3600,11,3450.389892578125,,,0,,,0,4400,7,4500,7,,,0,3450.389892578125,,,0,,,0,6000,,,0,10,4400,10
MCB,,,225000,1,200000,1,,,0,300000,,,0,,,0,167025.5625,,,0,,,0,240000,1,245000,6,1,220000,2,167025.5625,,,0,,,0,167025.5625,3,250000,3,,,0
MCG,12,36,27.280000686645508,4739,27.280000686645508,24449,1000,25.100000381469727,23841,31.989999771118164,500,31.979999542236328,29616,350,26.219999313354492,8329,24.5,582,24,1112,302,15,984,25,3513,25,111952,2664,22,16072,36,2113,36,2913,70,30,71,24,757,33.84000015258789,16742,300,15.010000228881836,7400
MEA,,,3200.02001953125,78,3995,78,70,2000,70,4000,,,0,15,2800,35,1735.760009765625,,,0,,,0,4000,10,4500,25,20,4000,468,1735.760009765625,,,0,,,0,3292.610107421875,8,3388.330078125,184,8,3001,252
MED,,,1326.02001953125,7,1300,557,10,750,407,1000,43,1000,423,80,801,335,450,,,0,20,450,20,1650,150,1250,370,100,700.010009765625,673,700,84,700,228,,,0,1200,55,1200,350,15,625,326
MFE,,,110000,,,0,,,0,95000,9,100000,9,,,0,44024.19140625,,,0,,,0,93000,4,81000,6,20,60000,20,44024.19140625,,,0,,,0,160000,,,0,,,0
MFK,,,219,40,219,700,22,165,63,196,236,200,236,30,127,1084,149.6999969482422,,,0,,,0,195,172,195,1721,50,121,1114,150,,,0,200,145,200,275,20,272,1457,50,202.00999450683594,960
MFL,,,100000,1,150000,1,1,90000,1,125000,6,125000,7,,,0,61748.23046875,,,0,,,0,150000,1,149000,2,,,0,61748.23046875,,,0,,,0,61748.23046875,,,0,,,0
MG,,,90,3937,90,15840,130,75,1881,45,100,50,7077,713,35.52000045776367,813,50,,,0,,,0,54,1632,50,15090,100,42,5400,54.86000061035156,500,60,500,,,0,72.61000061035156,515,76.79000091552734,5093,49,43,763
MGC,,,8591.9501953125,,,0,,,0,8591.9501953125,,,0,,,0,8591.9501953125,,,0,,,0,6700,1,6700,37,,,0,8591.9501953125,,,0,,,0,11450,2,8000,2,,,0
MGS,,,149,44,149,1347,200,101,2780,55,137,109.38999938964844,1244,164,45,1518,41.13999938964844,,,0,,,0,125,566,125,2161,100,102,2224,41.13999938964844,,,0,,,0,250,30,230,501,200,200,1991
MHL,,,2300,24,2300,544,160,2000,360,2330,48,2000,332,23,1600,446,2351.52001953125,,,0,,,0,2762.3701171875,8,3000,641,7,2100,225,2351.52001953125,,,0,,,0,2900,9,2899,1205,26,1900,36
MHP,,,2500,8,2500,18,,,0,2500,5,3000,9,9,2500,9,2118.949951171875,,,0,,,0,2600,4,2955,4,267,2600,267,2118.949951171875,,,0,,,0,5000,,,0,,,0
MLI,,,10268.849609375,,,0,,,0,12500,1,12500,1,,,0,10268.849609375,,,0,,,0,15000,11,15000,39,,,0,10268.849609375,,,0,,,0,10268.849609375,,,0,,,0
MPC,,,1040,73,1040,210,,,0,1475,1,1475,66,,,0,661.4199829101562,,,0,,,0,999,13,999,245,,,0,661.4199829101562,,,0,,,0,1400,10,1400,50,,,0
MSL,,,70000,,,0,,,0,50000,1,120000,1,,,0,83082.453125,,,0,,,0,100000,6,100000,20,,,0,83082.453125,,,0,,,0,125000,8,100000,8,,,0
MTC,,,452.94000244140625,,,0,,,0,300,5,300,55,,,0,452.94000244140625,,,0,,,0,1,,,0,,,0,452.94000244140625,,,0,,,0,500,,,0,,,0
MTP,,,1800,,,0,,,0,2250,,,0,50,500,250,1027.6199951171875,,,0,,,0,2370,2,2300,7,15,1500,275,1027.6199951171875,,,0,,,0,1500,31,2000,148,,,0
MUS,,,123.04000091552734,,,0,443,120,984,130,51,130,291,20,111,1218,172.3000030517578,,,0,,,0,115,60,130,3060,279,115,2424,172.3000030517578,,,0,,,0,100.0199966430664,156,149.99000549316406,396,641,100.0199966430664,1496
MWF,,,180,20,190,30,,,0,200,80,250,80,500,200,500,189.47000122070312,,,0,,,0,200,396,225,426,460,200,460,189.47000122070312,,,0,,,0,270,140,270,160,,,0
N,33,,100,250,95,35531,200,75,5337,80,812,79,20523,50,66.1500015258789,3876,66.12000274658203,,,0,,,0,63,375,63,55212,100,55,18450,66.12000274658203,,,0,,,0,104.7300033569336,60,137,3604,800,90,3184
NA,25,,25,54,25.010000228881836,4346,100,25,100,25.010000228881836,910,25.010000228881836,3223,100,25,100,1106.219970703125,,,0,,,0,25,179,27,4694,100,25,100,1,300,1,300,,,0,25,70,25.010000228881836,3745,100,25,100
NAB,,,90,45,105,170,2825,90,3215,94.62999725341797,838,95,1568,50,85,445,126.41999816894531,,,0,,,0,110,400,95,2236,1000,85,1355,65,,,0,460,65,460,96,14,97,1754,100,80,390
NCS,,,30,,,0,3931,25,3931,25,490,34.9900016784668,1690,3859,25,10785,16.979999542236328,,,0,,,0,30,500,42,24121,8800,25,8800,16.979999542236328,,,0,,,0,29.979999542236328,2550,29.979999542236328,3252,45,20.350000381469727,93
NE,,,300,100,300,100,100,220,449,397,242,397,242,20,200,1586,300,,,0,,,0,350,440,395,1024,100,200,830,300,150,300,150,,,0,205,1940,400,2157,200,151,800
NF,,,5134.419921875,,,0,,,0,10000,9,10000,9,,,0,5134.419921875,,,0,,,0,5134.419921875,24,7500,52,,,0,5134.419921875,,,0,,,0,5134.419921875,,,0,,,0
NFI,,,24.989999771118164,1820,24.989999771118164,4720,2000,10,2000,15,250,19,7853,,,0,6.179999828338623,,,0,,,0,7.5,880,7.75,27836,,,0,6.179999828338623,,,0,,,0,8.5,40,8.5,630,,,0
NG,,,850,31,795,81,,,0,600,100,675,100,,,0,721.8099975585938,,,0,,,0,1000,60,1700,191,390,600,390,721.8099975585938,,,0,,,0,550,,,0,,,0
NL,,,2489,34,2489,176,50,2201,173,2020,8,2200,64,49,2010,103,2000,,,0,,,0,2723.820068359375,4,3000,202,200,2500,320,2400,26,2400,38,,,0,3198,22,3100,149,4,2500,40
NN,,,29444.419921875,1,50000,1,,,0,24625,,,0,,,0,29444.419921875,,,0,,,0,32000,,,0,,,0,29444.419921875,,,0,,,0,29444.419921875,1,50000,1,,,0
NOZ,,,43702.01171875,,,0,,,0,43702.01171875,,,0,,,0,43702.01171875,,,0,,,0,43702.01171875,,,0,,,0,43702.01171875,,,0,,,0,43702.01171875,,,0,,,0
NR,,,325,50,325,50,100,50,100,299,8275,299,8275,650,150,650,199.5800018310547,,,0,,,0,328.1499938964844,,,0,,,0,199.5800018310547,,,0,,,0,274,750,380,1500,,,0
NS,,,295,,,0,60,257,1345,214.60000610351562,,,0,200,200,12480,214.27000427246094,,,0,,,0,190,223,190,3540,100,180,6336,160,,,0,1000,160,1000,250,588,250,10558,400,180,4614
NST,,,4999,37,4999,39,,,0,4900,19,4900,21,,,0,1351.469970703125,,,0,,,0,3000,3,2900,82,3,2100,39,1351.469970703125,,,0,,,0,1911.9100341796875,24,3933.929931640625,303,4,1700,29
NUT,88,,150,,,0,50,140,849,100,157,110,169,321,100,947,151.7100067138672,,,0,,,0,133.99000549316406,99,132,418,150,115.0999984741211,5223,151.7100067138672,,,0,24,90,24,107,123,132,551,100,107.0999984741211,3717
NV1,100000,,130000,,,0,100,100000,100,94010.078125,,,0,100,100000,100,94010.078125,,,0,,,0,100000,1,190000,2,100,100000,100,94010.078125,,,0,,,0,94010.078125,,,0,100,100000,100
NV2,,,130882.6328125,,,0,100,150000,100,130882.6328125,,,0,100,150000,100,130882.6328125,,,0,,,0,150000,3,220000,3,100,150000,100,130882.6328125,,,0,,,0,130882.6328125,,,0,100,150000,100
O,32,,109.19999694824219,42,110,3583,313,82,7687,99,82,99,12840,2,75.5,3880,55,,,0,,,0,110.80000305175781,304,110.98999786376953,8598,14,93,3348,90,1202,90,1417,,,0,124,193,120,2145,100,98.9800033569336,5302
OFF,,,98,,,0,250,50,1250,100,,,0,50,43,430,50.65999984741211,,,0,,,0,74,1680,74,2680,20,65,3420,50.65999984741211,1000,70,1500,,,0,109,150,109,150,20,85,90
OLF,,,960.010009765625,6,444.44000244140625,102,100,50,100,1625,5,1625,5,,,0,960.010009765625,,,0,,,0,877,24,1100,24,,,0,960.010009765625,,,0,,,0,1100,123,825.280029296875,585,,,0
OS,,,40000,,,0,7,40000,7,45000,1,47000,5,,,0,30351.4609375,,,0,,,0,35000,2,35000,37,,,0,30351.4609375,,,0,,,0,20000,1,40000,1,,,0
OVE,40,153,108.9800033569336,504,108.9800033569336,4981,20,90,2162,71.9800033569336,192,70.9800033569336,9254,5,58.400001525878906,2525,79,300,80,300,,,0,80,1978,80,8156,14,78.19999694824219,13360,95,397,95,1723,32,81,65,133.99000549316406,300,134,11699,15,90,9808
PCB,,,1490.22998046875,9,1550,669,100,1000,100,1916.6700439453125,,,0,20,1110,70,807.0599975585938,,,0,,,0,1500,163,1999,263,15,1600,271,807.0599975585938,,,0,,,0,1600,10,2400,74,10,1600,10
PDA,,,3700,4,3700,632,3,2800,77,3000,44,3000,44,3,1800,43,1153.030029296875,,,0,5,3500,5,3995,44,3995,823,2,2600,83,4000,28,4000,28,,,0,3900,7,3950,22,1,2800,51
PE,,,5.699999809265137,8000,5.699999809265137,134779,800,5.010000228881836,165387,5.650000095367432,4566,5.650000095367432,124275,1000,4.809999942779541,198460,4,100,6,100,,,0,4.900000095367432,3000,5.210000038146973,650913,20000,4.03000020980835,105795,5,6000,7,6000,2000,6.5,4000,4.550000190734863,1150,5.940000057220459,214668,2000,4.559999942779541,95183
PFE,,,444.44000244140625,155,444.44000244140625,175,40,300,40,1000,,,0,80,1000,160,480.5400085449219,,,0,,,0,500,,,0,300,425,300,480.5400085449219,,,0,100,330,100,611.1599731445312,345,522.25,985,,,0
PG,,,39,650,39,2870,300,33.02000045776367,34871,26.399999618530273,3000,32.900001525878906,16135,1714,26.43000030517578,48902,25,,,0,,,0,29.889999389648438,150,48.95000076293945,147051,16044,29.100000381469727,185834,30,,,0,7429,27,7929,34.900001525878906,410,34.79999923706055,15132,200,28,22771
PIB,,,1200,,,0,100,100,100,300,,,0,,,0,596.8499755859375,,,0,,,0,600,,,0,,,0,596.8499755859375,,,0,,,0,1100,32,1911.9100341796875,32,16,1100,16
PK,,,840.989990234375,,,0,,,0,840.989990234375,,,0,,,0,840.989990234375,,,0,,,0,1500,,,0,,,0,840.989990234375,,,0,,,0,840.989990234375,120,1200,120,,,0
POW,4200,,5150,10,5150,78,20,4200.009765625,120,5000,1,5000,3,200,4250,300,2364.429931640625,,,0,,,0,4750,547,4750,547,40,4250,233,2364.429931640625,,,0,,,0,4600,240,4600,240,100,4200,100
PPA,,,40,52,80,62,,,0,300,,,0,12,300,27,143.52999877929688,,,0,,,0,70,417,100,521,,,0,143.52999877929688,160,100,160,,,0,34.70000076293945,,,0,,,0
PSH,,,8000,12,7000,12,,,0,5000,4,10000,4,,,0,3839.050048828125,,,0,,,0,5000,3,7000,7,,,0,3839.050048828125,,,0,,,0,8250,1,8125,24,,,0
PSL,,,2994.22998046875,36,3699.989990234375,106,12,2250,141,2150,3,2700,129,3,2100,67,1700,,,0,,,0,3399.989990234375,30,3150,254,12,2500.010009765625,165,1700,3,2500,3,,,0,2760,32,2800,80,2,2300.010009765625,2
PSM,,,1497.47998046875,,,0,100,1000,191,950,6,1200,6,20,950,173,750,,,0,,,0,2423.080078125,2,2423.080078125,2,2,800,61,1321.68994140625,,,0,,,0,1000,,,0,,,0
PSS,,,999.9500122070312,10,1500,10,100,400,100,452.29998779296875,,,0,20,500,62,660.8400268554688,5,450,5,,,0,933.3300170898438,5,1200,5,196,350,344,660.8400268554688,,,0,,,0,280.3599853515625,,,0,27,250,27
PT,,,410,25,469.989990234375,618,73,410,219,374.989990234375,95,374.9800109863281,2595,33,351,281,255,,,0,,,0,380,80,380,4070,490,311,1701,400,193,400,231,,,0,460,261,459.989990234375,971,77,300.0299987792969,924
PWO,,,238.88999938964844,210,238.8800048828125,4647,15,205,1070,179.99000549316406,285,179.99000549316406,4140,300,177.52999877929688,2224,195,48,210,48,,,0,217,499,217,7268,50,187.0500030517578,963,299.989990234375,1,299.989990234375,203,5,250,97,199.99000549316406,150,199.99000549316406,3608,5,165.50999450683594,916
QCR,,,695000,,,0,,,0,695000,,,0,,,0,365454.625,,,0,,,0,595000,,,0,5,500000,5,365454.625,,,0,,,0,695000,,,0,,,0
RAD,,,6000,36,6000,36,12,5000,22,7000,6,8888.8798828125,14,8,5000,8,3729.22998046875,,,0,,,0,51444.26953125,4,25000,4,,,0,3729.22998046875,,,0,,,0,20000,,,0,,,0
RAG,,,259746.03125,,,0,,,0,259746.03125,,,0,,,0,259746.03125,,,0,,,0,27500,,,0,,,0,259746.03125,,,0,,,0,259746.03125,,,0,,,0
RAM,,,1250,18,1250,18,,,0,1900,23,1900,45,,,0,1252.9200439453125,,,0,,,0,2500,109,2500,133,,,0,1252.9200439453125,,,0,,,0,2350,10,2350,42,,,0
RAT,32,166,80,34168,80,54587,155,70.37000274658203,6895,91.91000366210938,55,80,21090,21,70.0999984741211,6453,85,3022,85,4060,660,60,1860,80,290,80,56806,442,73.0999984741211,45261,60,3070,60,12938,1000,25,1000,62.099998474121094,2112,64.9800033569336,51225,3982,62.099998474121094,62585
RBH,,,13150,4,13150,188,5,12500,114,14000,2,14000,40,,,0,8000.830078125,,,0,,,0,13500,10,14000,110,50,12000,129,8000.830078125,,,0,,,0,19469,9,19468,46,20,10100,31
RCO,400,,650,17,800,17,56,650,1231,601,10,875,10,25,610,1251,420,,,0,,,0,650.010009765625,5,850,705,9,650,671,500,72,500,132,,,0,466,30,800,57,28,467,778
RCS,,,100000,,,0,,,0,209000,,,0,,,0,94093.78125,,,0,,,0,70000,,,0,,,0,94093.78125,,,0,,,0,94093.78125,,,0,,,0
RCT,,,500000,,,0,,,0,356760.5,,,0,,,0,356760.5,,,0,,,0,550000,,,0,,,0,356760.5,,,0,,,0,356760.5,,,0,,,0
RDE,,,22400,12,22400,126,5,20500,90,20679.7890625,7,20974,68,1,2500,1,14495.8095703125,,,0,,,0,16000,16,23500,86,59,16000,59,14495.8095703125,,,0,,,0,21918.01953125,98,23869,110,2,18000,32
RDL,,,380631.96875,,,0,,,0,380631.96875,,,0,,,0,380631.96875,,,0,,,0,380631.96875,,,0,,,0,380631.96875,,,0,,,0,380631.96875,,,0,,,0
RDS,,,209228.40625,,,0,,,0,209228.40625,,,0,,,0,209228.40625,,,0,,,0,125000,,,0,,,0,209228.40625,,,0,,,0,209228.40625,,,0,,,0
REA,,,300,193,300,3657,,,0,340,,,0,20,305,918,355.8699951171875,,,0,,,0,337.6499938964844,103,338,2942,2431,245,2431,300,418,300,418,1000,200,1000,290,270,290,1937,,,0
RED,45000,,45001,,,0,15,45001,115,45070.828125,,,0,100,45000,100,22540.4296875,,,0,,,0,45000,,,0,100,45000,100,22540.4296875,,,0,,,0,45000.01171875,,,0,100,45000,100
REP,,,505,48,578.989990234375,1343,46,505,189,700.0499877929688,50,700.0499877929688,403,22,401,147,340,,,0,,,0,450,768,500,1076,5,420,979,500,47,500,136,,,0,599,400,598,644,20,420,113
RG,,,800,10,950,10,8,800,608,811.5,,,0,20,811.5999755859375,253,751.5700073242188,,,0,,,0,1100,8,1100,71,40,850.010009765625,885,751.5700073242188,,,0,,,0,800,60,9999,60,60,801,100
RGO,,,1226.1400146484375,21,1400,75,,,0,1200,,,0,,,0,798.47998046875,,,0,,,0,1900,,,0,1,1900,1,798.47998046875,,,0,,,0,798.47998046875,29,1950,29,,,0
RHP,,,4800,29,4800,29,8,3700,16,2700.739990234375,,,0,15,3250,15,2700.739990234375,,,0,,,0,3600,,,0,10,3400,10,2700.739990234375,,,0,,,0,2700.739990234375,,,0,,,0
ROM,,,3200,30,3200,30,80,1800,80,3000,7,3000,7,,,0,1931.5799560546875,,,0,,,0,4000,137,2100,137,50,2001,370,1931.5799560546875,,,0,,,0,2000,10,3000,25,40,1900,80
RSE,,,21305.4609375,87,22500,105,5,19500,97,21000,,,0,,,0,12026.7197265625,,,0,,,0,29694.560546875,1,29998,25,44,20000,84,12026.7197265625,,,0,,,0,24869,2,24424.419921875,48,6,21000,48
RSH,,,17292.380859375,,,0,,,0,17292.380859375,,,0,,,0,17292.380859375,,,0,,,0,17292.380859375,1,40000,1,,,0,17292.380859375,,,0,,,0,17292.380859375,1,43000,1,,,0
RSI,,,1099,,,0,100,200,100,1200,12,1300,77,,,0,686.77001953125,,,0,,,0,1600,24,800,24,200,500,200,686.77001953125,,,0,,,0,1000,7,1000,7,8,700,8
RTA,,,14500,4,14500,29,10,12000,48,12945.6904296875,4,30000,4,23,12945.6904296875,47,8308.73046875,,,0,,,0,35000,,,0,10,12500,43,8308.73046875,,,0,,,0,22222,,,0,4,11500,33
S,,,125,18,125,319,86,50,91,45,36,68.98999786376953,964,1000,36,1150,85.83999633789062,,,0,,,0,50,120,66,220,64,22.010000228881836,97,85.83999633789062,,,0,,,0,89.97000122070312,40,89.97000122070312,629,,,0
SA,,,6500,,,0,,,0,5000,1,5000,1,,,0,3422.949951171875,,,0,,,0,5000,45,5000,126,,,0,3422.949951171875,,,0,,,0,3422.949951171875,,,0,,,0
SAL,,,6500,,,0,,,0,10000,4,10000,4,,,0,3422.949951171875,,,0,,,0,5000,7,5000,146,,,0,3422.949951171875,,,0,,,0,3422.949951171875,,,0,,,0
SAR,,,22500,,,0,7,17500,17,24000,,,0,2,10000,2,9628.83984375,,,0,,,0,20000,2,30000,2,50,22000,100,9628.83984375,,,0,,,0,16000,,,0,,,0
SC,,,1025,90,1025,359,,,0,1000,184,1000,210,20,700,40,1500,,,0,,,0,1024.989990234375,31,1024.989990234375,860,20,900,35,1500,56,1500,65,,,0,1100,18,1100,605,20,500.010009765625,120
SCB,,,50000,,,0,2,50000,3,70000,,,0,,,0,54712.01171875,,,0,,,0,57000,,,0,,,0,54712.01171875,,,0,,,0,2686,,,0,,,0
SCN,,,1449,35,1449,406,3,900,73,1750,54,2000,457,2,1200,16,1500,,,0,,,0,1760,7,1760,292,60,1000,60,1150,17,2000,46,1,1150,1,1200,18,1200,418,8,1000,18
SCR,,,100,,,0,12,90,212,82,13,100,272,100,82,100,82.29000091552734,,,0,,,0,82,40,82.01000213623047,97,100,82,100,82.29000091552734,30,140,301,,,0,82,56,86.9000015258789,242,100,82,100
SDR,72000,,72001,100,80000,100,1,72001,111,72000,3,75000,3,100,72000,100,37259.4296875,,,0,,,0,72000,,,0,100,72000,100,37259.4296875,,,0,,,0,72000,,,0,100,72000,100
SEA,,,119.69999694824219,3437,119.9800033569336,8227,100,90,1189,80,495,84.95999908447266,2485,,,0,73.05000305175781,,,0,,,0,82,464,83.98999786376953,8641,100,58,1085,150,165,150,327,,,0,89,993,89,9009,200,50,200
SEN,,,600,1110,750,1110,50,450,1050,750,,,0,20,425,20,285.3699951171875,,,0,,,0,925.5999755859375,,,0,10,660,370,285.3699951171875,,,0,,,0,600,,,0,10,450,210
SEQ,,,10000,,,0,16,8000,16,8079.85986328125,,,0,,,0,8079.85986328125,,,0,,,0,14000,,,0,12,10000,12,8079.85986328125,,,0,,,0,8079.85986328125,,,0,,,0
SF,6,16,11.989999771118164,2450,11.989999771118164,75625,3000,10.5,33910,7.900000095367432,1500,7.900000095367432,182245,1000,7.670000076293945,133699,15,8080,14.899999618530273,32413,,,0,11.399999618530273,1001,11.399999618530273,69183,600,9.90999984741211,65955,10,1000,14,12197,100,6,100,10.739999771118164,1200,10.739999771118164,363297,350,10.600000381469727,101567
SFE,,,55000,10,60000,10,,,0,55000,6,55000,23,,,0,25161.3203125,,,0,,,0,56000,2,54500,10,20,50000,20,25161.3203125,,,0,,,0,1,3,56000,3,,,0
SFK,,,69,455,69,2205,5,40,155,62,80,62,2172,20,35.099998474121094,1801,42.5,,,0,,,0,30,80,44,10231,5000,31,7886,50,50,50,50,,,0,75,116,73.37000274658203,2282,75,50.5099983215332,618
SFL,,,85000,1,50000,2,,,0,30850.880859375,2,60000,2,,,0,30850.880859375,,,0,,,0,45000,,,0,,,0,30850.880859375,,,0,,,0,30850.880859375,,,0,,,0
SI,,,409.55999755859375,280,400,1720,,,0,398.989990234375,76,399,1066,10,341,30,884.1400146484375,,,0,,,0,50.0099983215332,102,196,7888,138,50.0099983215332,638,884.1400146484375,40,500,60,,,0,419,215,419,1196,30,200,50
SIL,,,2000,8,1911.9100341796875,52,,,0,2400,9,2400,24,,,0,2300.8798828125,,,0,,,0,500,24,750,102,,,0,2300.8798828125,,,0,,,0,2995,1,1909.989990234375,48,,,0
SIO,38,,80,23,80,933,40,65,6230,95,1139,95,2597,4,80.11000061035156,2742,45,,,0,,,0,81.9000015258789,129,81.9000015258789,5310,50,63,7695,40,46,140,46,,,0,110,29,119.9800033569336,1062,90,110,1385
SNM,,,50000,8,200000,8,5,120000,6,77019.203125,,,0,,,0,77019.203125,,,0,,,0,126500,17,126500,43,,,0,77019.203125,,,0,,,0,77019.203125,,,0,,,0
SOI,,,333.3299865722656,160,333.3299865722656,1857,50,260,150,360,40,360,490,,,0,299.3699951171875,,,0,,,0,400,,,0,500,400,1100,299.3699951171875,10,320,10,100,250,200,360,32,355.5299987792969,482,500,210,580
SOL,,,1000,10,1200,10,,,0,980,17,1090,271,,,0,450.1700134277344,,,0,,,0,1000,149,1000,149,,,0,450.1700134277344,,,0,,,0,1350,20,1600,30,,,0
SP,,,1700,11,1700,269,100,1500,100,1900,,,0,10,1600,122,1123.4200439453125,,,0,,,0,2900,,,0,14,2900,126,1123.4200439453125,,,0,,,0,3550,8,3550,8,10,1600,110
SRD,53000,,53000,6,60000,6,12,53002,122,53000,,,0,100,53000,100,29394,,,0,,,0,53000,,,0,100,53000,100,29394,,,0,,,0,53000,,,0,100,53000,100
SRP,,,8705.3203125,,,0,,,0,8705.3203125,,,0,,,0,8705.3203125,,,0,,,0,8705.3203125,,,0,,,0,8705.3203125,,,0,,,0,8705.3203125,,,0,,,0
SSC,,,350,236,350,366,62,240,1062,300,14,299,169,,,0,224,,,0,,,0,269.7099914550781,138,265,813,,,0,224,,,0,,,0,380,10,380,556,75,300,75
SSL,,,25000,3,30000,5,1,25000,1,40000,7,40000,8,,,0,18181.990234375,,,0,,,0,40000,5,40000,6,,,0,18181.990234375,,,0,,,0,30000,,,0,,,0
STL,,,1500,8,2222,8,20,1201,85,1640,13,1640,185,64,1200,772,800,,,0,,,0,1250.010009765625,35,1999.949951171875,256,30,1250.010009765625,1344,900,,,0,,,0,1999.97998046875,18,1999.97998046875,94,154,1200,626
STR,1000,,2000,6,1750,170,20,1001,120,2001,24,2250,114,6,2001,220,1491.9300537109375,,,0,,,0,1000.4000244140625,56,1790,134,16,1000.4000244140625,116,1491.9300537109375,,,0,,,0,1000,2,1999.989990234375,56,60,1800,160
STS,,,96213.09375,,,0,,,0,96213.09375,,,0,,,0,96213.09375,,,0,,,0,140000,1,140000,1,1,40000,1,96213.09375,,,0,,,0,96213.09375,,,0,,,0
SU,,,111117.921875,,,0,,,0,111117.921875,,,0,,,0,111117.921875,,,0,,,0,111117.921875,,,0,,,0,111117.921875,,,0,,,0,111117.921875,,,0,,,0
SUD,75000,,76000,9,76000,15,10,75001,110,75000,,,0,5,75150,105,37986.578125,,,0,,,0,75000,,,0,100,75000,100,37986.578125,,,0,,,0,75000,,,0,100,75000,100
SUN,,,300,10,300,10,90,210,190,300,40,299,171,180,210,390,307.9100036621094,,,0,,,0,349,100,350,340,50,172.11000061035156,50,300,310,300,310,,,0,359.6000061035156,50,360,121,300,300,300
SWF,,,124.98999786376953,,,0,,,0,80,108,80,579,10,57.099998474121094,687,81.31999969482422,,,0,,,0,106.83999633789062,3084,110,6279,50,57.36000061035156,150,110,,,0,100,110,100,120,322,120,618,83,80,83
TA,,,15995,6,14990,43,5,12000,10,17000,2,17000,7,5,13500,6,6474.83984375,,,0,,,0,15000,3,17000,45,1,14500,11,6474.83984375,,,0,,,0,11000,13,15000,13,3,12000.009765625,14
TAC,,,92085.1328125,,,0,,,0,92085.1328125,,,0,,,0,92085.1328125,,,0,,,0,92085.1328125,,,0,,,0,92085.1328125,,,0,,,0,92085.1328125,,,0,,,0
TAI,,,450,16,450,294,20,400,152,550,94,550,559,20,300,150,121.01000213623047,,,0,,,0,282.2900085449219,82,500,482,52,250,52,121.01000213623047,,,0,,,0,150.02000427246094,10,375,324,168,150.02000427246094,178
TC,,,3861.31005859375,3,14000,4,,,0,8000,3,7000,14,,,0,3861.31005859375,,,0,,,0,6000,,,0,16,3000,16,3861.31005859375,,,0,,,0,3861.31005859375,,,0,,,0
TCB,,,37500,,,0,,,0,9675.330078125,1,12000,1,,,0,9675.330078125,,,0,,,0,13000,12,11000,12,,,0,9675.330078125,,,0,,,0,9675.330078125,,,0,,,0
TCL,,,2296.85009765625,,,0,500,1400,618,2100,12,2050,87,30,1510,130,1926.6600341796875,,,0,,,0,1700,6,2500,180,25,1800,26,1926.6600341796875,,,0,,,0,2194.989990234375,3,2000,24,7,1500,7
TCO,,,500,126,900,271,10,250,110,918.6099853515625,10,1900,10,10,918.6099853515625,10,700,,,0,,,0,1500,30,1400,792,,,0,600,17,600,135,50,500,50,1000,,,0,,,0
TCS,,,10000,3,10000,3,,,0,4500,51,7500,51,7,4500,7,2199.889892578125,,,0,,,0,5000,24,5000,54,10,3600,18,2199.889892578125,,,0,,,0,8000,,,0,,,0
TCU,,,90000,,,0,,,0,70671.4296875,,,0,,,0,70671.4296875,,,0,,,0,70671.4296875,,,0,,,0,70671.4296875,,,0,,,0,70671.4296875,,,0,1,70671.4296875,1
THF,,,300,25,300,2880,940,251,940,280,781,275,1953,460,200,1155,526.77001953125,,,0,,,0,200,788,250,3344,400,200,930,280,100,260,100,,,0,300,30,300,211,10,250,10
THP,,,3350,27,3350,27,28,3000,28,2391.639892578125,,,0,40,3300,40,2391.639892578125,,,0,,,0,3400,,,0,10,3500,30,2391.639892578125,,,0,,,0,3350,22,3350,22,,,0
TI,,,990,12,850,1263,50,543,128,1395,357,995,388,,,0,830.9000244140625,,,0,,,0,621.4299926757812,5,794,936,20,200,20,2250,,,0,,,0,1000,200,970,732,,,0
TIO,74,,88,93,88,4283,487,75,1587,95,60,95,2112,79,75,179,74.80999755859375,,,0,,,0,120,100,140,15084,200,77,400,74.80999755859375,,,0,,,0,74,100,117,2825,1000,75,1100
TK,,,18000,,,0,6,18000,6,20480.099609375,,,0,,,0,20480.099609375,,,0,,,0,15000,,,0,,,0,20480.099609375,,,0,,,0,20480.099609375,,,0,,,0
TPU,,,1500,21,1500,21,,,0,1733.75,,,0,,,0,1184.77001953125,,,0,,,0,1800,48,1800,48,,,0,1184.77001953125,,,0,,,0,2800,1,2800,11,,,0
TRA,,,700,1,825,56,,,0,1000,,,0,20,900,20,850.7100219726562,,,0,,,0,1225,6,1100,28,,,0,850.7100219726562,,,0,,,0,2000,,,0,,,0
TRN,,,296.7699890136719,100,490,515,40,285,1761,250.2899932861328,,,0,3,251,1000,189.47000122070312,,,0,,,0,320,40,350,40,10,300,1300,189.47000122070312,,,0,,,0,250,19,250,319,4,200,80
TRU,,,245,109,243.9499969482422,1361,16,210,2435,250,417,250,1879,4,161,869,225,,,0,,,0,352.5899963378906,99,400,198,50,280,929,350,60,350,88,1,62.5,1,300,25,300,604,109,150,109
TS,,,100,,,0,120,50,120,180,,,0,60,77,60,74.80999755859375,,,0,,,0,125,,,0,162,99.01000213623047,316,74.80999755859375,,,0,,,0,80,29,149.99000549316406,254,210,80,210
TSH,,,28888.880859375,4,34900,4,3,20222.01953125,3,28000,3,28000,9,,,0,16496.119140625,,,0,,,0,39648.69140625,,,0,1,22640.099609375,2,16496.119140625,,,0,,,0,30012,,,0,3,30014,12
TUB,,,225,,,0,150,100,150,170,1100,165,1100,,,0,167.9499969482422,,,0,,,0,125,130,175,1930,960,125,960,120,,,0,,,0,250,1000,250,1000,,,0
UTS,2200,,4500,41,4500,41,10,3000,168,4000,,,0,1,4000,116,3426.780029296875,,,0,,,0,4000,,,0,68,4000,1120,3426.780029296875,,,0,,,0,6999.990234375,6,6999.990234375,36,8,4000,108
VCB,,,400000,1,400000,1,,,0,327870.03125,,,0,,,0,327870.03125,,,0,,,0,327870.03125,,,0,,,0,327870.03125,,,0,,,0,327870.03125,,,0,,,0
VEG,88,,179.99000549316406,20,179.99000549316406,256,133,88.01000213623047,533,100,88,150,88,452,100,1342,100,51,100,51,,,0,140,334,140,2844,175,115,2156,100,,,0,,,0,130,8,198.9499969482422,864,100,105,2833
VG,,,5500,14,5500,14,12,3001,32,4000,10,10000,10,10,3501,213,2500,,,0,,,0,5000,10,6000,10,4,5000,423,2500,,,0,,,0,8866.8798828125,100,8866.8798828125,100,4,4000,195
VIT,,,511.1499938964844,161,511.1499938964844,259,100,50,100,650,200,650,200,,,0,337.3299865722656,,,0,,,0,500,,,0,20,400,80,337.3299865722656,,,0,,,0,300,39,633.3599853515625,53,40,200,40
VSC,,,40000,1,40000,1,,,0,16575.669921875,1,20000,1,,,0,16575.669921875,,,0,,,0,44000,,,0,,,0,16575.669921875,,,0,,,0,16575.669921875,,,0,,,0
W,,,15000,3,14000,53,85,13000,93,14000,3,14000,3,,,0,6255.1201171875,,,0,,,0,18000,9,18000,66,40,12000,40,6255.1201171875,,,0,,,0,15000,12,14750,17,,,0
WAI,,,100000,4,100000,4,10,70000,20,90000,,,0,,,0,52242.44921875,,,0,,,0,82000,1,81000,70,10,70000,10,52242.44921875,,,0,,,0,100000,11,100000,11,,,0
WAL,,,5200,20,5000,20,,,0,4000,30,4000,40,,,0,2803.2900390625,,,0,,,0,6000,3,6000,13,,,0,2803.2900390625,,,0,,,0,6000,1,6000,1,,,0
WCB,,,300000,2,400000,2,,,0,250000,,,0,,,0,329430.03125,,,0,,,0,325000,13,325000,20,,,0,329430.03125,,,0,,,0,325000,4,325000,4,,,0
WIN,,,4375,,,0,4,3800,14,3500,16,3500,56,10,2407.330078125,10,2950.47998046875,,,0,,,0,4250,20,4000,64,6,3200,110,2950.47998046875,100,5000,100,,,0,4700,10,4500,78,4,3200,132
WM,,,6845.89990234375,,,0,,,0,5000,,,0,,,0,6845.89990234375,,,0,,,0,12000,16,10000,43,,,0,6845.89990234375,,,0,,,0,6845.89990234375,,,0,,,0
WOR,,,85079.6328125,,,0,,,0,85079.6328125,,,0,,,0,85079.6328125,,,0,,,0,85079.6328125,,,0,10,85000,10,85079.6328125,,,0,,,0,85079.6328125,2,212000,2,,,0
WR,50000,,78600.953125,,,0,100,50000,100,50001,,,0,1,50000.01171875,101,78600.953125,,,0,,,0,50000,,,0,100,50000,100,78600.953125,,,0,,,0,78600.953125,,,0,100,50000,100
WS,,,4200,28,4200,109,1,3100,16,5000,28,5000,28,15,2000,15,2609.800048828125,,,0,,,0,4950,20,4750,41,9,2001,24,2609.800048828125,,,0,,,0,2001,17,5750,22,6,2001,41
ZIR,,,1000,,,0,50,400,50,750,20,900,257,,,0,117.55000305175781,,,0,,,0,550,500,500,3576,200,300,200,117.55000305175781,,,0,,,0,1000,52,1000,52,20,550,20
ZR,,,12995,8,12995,9,18,11000,31,11700,,,0,48,11700,48,5988.47998046875,,,0,,,0,11500,8,10500,120,40,6000,40,5988.47998046875,,,0,,,0,12000,,,0,,,0
